TxHash,BlockHeight,Fee,GasUsed,Methods
unknown,unknown,0,0,unknown
C899676F08522B7F75C81AC41F8EE44BDCCB1B158DACA35E79AA5C9F64D7E8E0,119852657,36384000000000,158665,/injective.exchange.v1beta1.MsgBatchUpdateOrders
482B00CFC55C44D738A4FFC5ED35635862403BBF80E859C540A2619B227C8ACE,119852657,50528000000000,225178,/injective.exchange.v1beta1.MsgBatchUpdateOrders
0400B28E68EEA5A2540128A1225E3E8874D74052F56B2F0892DEEDF2B78E11A9,119852657,174579200000000,864302,/injective.exchange.v1beta1.MsgBatchUpdateOrders
24A2F0CC7CE2E14273916772D670D29C66E07CB034BF4CCA0E41BE15240B0F31,119852657,32000000000000,180359,/cosmos.authz.v1beta1.MsgExec
BDF2BC3853DD51EB30DD7A68DF8A7508F3A535AB9C76F3487A28E19B085C81AB,119852657,25600000000000,132760,/cosmos.authz.v1beta1.MsgExec
07091928AAAF0937B43C8225EAAEC3454BBCF30582C08B612844E9200A91C593,119852657,57600000000000,315997,/cosmos.authz.v1beta1.MsgExec
C806B7344900B5CB75DC5131B554B2A34256A57551F9DAD310B16BB73F40CE56,119852657,32000000000000,108989,/cosmos.authz.v1beta1.MsgExec
74A6BEDDEB24E37F47CE149DAA25D4B68A36F09F10DDF8261F0ACE2F6C2F9114,119852657,25600000000000,104248,/cosmos.authz.v1beta1.MsgExec
736CA48E180783F8C8980B99B6660A122D0BA34247F68AC7DF28229DCF91AD0D,119852657,32000000000000,108989,/cosmos.authz.v1beta1.MsgExec
603B71894684CC53DA5E56695A3596EEB8F5F1862D60B96CD16DD4668D1D6B7F,119852657,32000000000000,154234,/cosmos.authz.v1beta1.MsgExec
036D31077D38FD1788A53716DDC2027FED100668EA0B89F0FF873103B615808C,119852657,25280000000000,131874,"/cosmos.distribution.v1beta1.MsgSetWithdrawAddress,/cosmos.authz.v1beta1.MsgExec"
BD831454603A05620F079E014DFB860CFBE8361AD6AD53E2EA0DA31DCF1A78FF,119852657,32000000000000,108989,/cosmos.authz.v1beta1.MsgExec
1DC54D024C9D7153E3EEA0A61D1D743A187F983A5076C90141895483708769C5,119852657,54720000000000,249389,/cosmos.authz.v1beta1.MsgExec
EF0F5C00E6FA9034F40FED23E14CC658E821B9B5FC440B0B63ECEF8A698FEF5C,119852657,45888000000000,241807,/cosmos.authz.v1beta1.MsgExec
48951E8D31AF4DBC8BF5E48EA3F6546C84A03FE67A7D4E132661DD5452550928,119852657,38400000000000,109969,/cosmos.authz.v1beta1.MsgExec
452ED924C927A934A2166B47F5CCB78B35828846B7318B76E5892B1D9C14067F,119852657,32000000000000,155257,/cosmos.authz.v1beta1.MsgExec
B90836DF954545969F1771C680C4186D352A7B768D5FC0B6B9C78D108A10B725,119852657,40784000000000,172232,/cosmos.authz.v1beta1.MsgExec
6059C16653A53865DBAF6E03D4EA2B2829A7EB24D2199178A03C887C740D1406,119852657,44800000000000,257966,/cosmos.authz.v1beta1.MsgExec
AA099DFAD33539B9586FFB5072435ACC70CE3BC1AEA1ACC495F040F72651C2A4,119852657,29904000000000,109281,/cosmos.authz.v1beta1.MsgExec
432115B8CBB0BF3BCF1CDCB82573DC030E4AC3B2A7986CA123D1CA5068103289,119852657,32000000000000,155257,/cosmos.authz.v1beta1.MsgExec
293C37F8F971B70162CB45652E8A548BFA84C3B483AE2D19EF4BE3F04B7178BA,119852657,32000000000000,178432,/cosmos.authz.v1beta1.MsgExec
CEFAEBA60003587EE8B4371E321D0949A14B57C6358C01A67AF153F26DA8AD91,119852657,25600000000000,104248,/cosmos.authz.v1beta1.MsgExec
1854A90966DD7098AC1D7DD7095940384F972A833516847BF4C6684C99F49D02,119852657,1281191520000000,4477669,"/cosmwasm.wasm.v1.MsgExecuteContract,/cosmwasm.wasm.v1.MsgExecuteContract,/cosmwasm.wasm.v1.MsgExecuteContract,/cosmwasm.wasm.v1.MsgExecuteContract"
1F13AA9C8A6D835B720D5864C168F94B91FCF2F95E19590B8DE03E0FEE0D5883,119852657,290276320000000,1729101,/cosmwasm.wasm.v1.MsgExecuteContract
B3DCC10038F58C17D58611D69ABF1CD35EC5F059C9FD8707B9E2CE1E73ED4056,119852657,1054985440000000,6280961,/cosmwasm.wasm.v1.MsgExecuteContract
F72A7AF8754BD599455D122A298764C0E0A3E3B88B4F49D207273FFE827BF242,119852657,1054555200000000,6278399,/cosmwasm.wasm.v1.MsgExecuteContract
E676C1CED4EB768518E4519090009065C253F0F44269706ACB40BA52DFBCB06A,119852657,490275520000000,2919582,/cosmwasm.wasm.v1.MsgExecuteContract
F7E257CF7D40B62F5026DAD9E5ADAD9CD45F79E38072ED41579E035B56F30DC5,119852658,36384000000000,154743,/injective.exchange.v1beta1.MsgBatchUpdateOrders
07E883578EF2E3BC98C6398133CF43C66126313D55A0FA82A5B9B642AE58E337,119852658,159020800000000,766145,/injective.exchange.v1beta1.MsgBatchUpdateOrders
9656382C3AB7858C605BDA0C682594B6DA0A037701DA494B284DB893F5098B54,119852658,25600000000000,134132,/cosmos.authz.v1beta1.MsgExec
E38A9631E3A0C1271D68AC7B1949CB2DDEB64C14195439000A6DCD933A6FC6DE,119852658,40784000000000,206221,/cosmos.authz.v1beta1.MsgExec
AF30507E634A8F8730A7FEE06F70CD4B2933FEAE8C6E42AA466FD59093A7234C,119852658,25600000000000,104254,/cosmos.authz.v1beta1.MsgExec
20C04DB78FE90714C6A35B28BECA2C1CF525E430D19371E40C1786F66E0CC47F,119852658,25280000000000,97885,"/cosmos.distribution.v1beta1.MsgSetWithdrawAddress,/cosmos.authz.v1beta1.MsgExec"
BF43A8ED829C64D67561CE5DC5BE70043A34447F81A9BC0CB6A59B268B20201E,119852658,25600000000000,104248,/cosmos.authz.v1beta1.MsgExec
8973407F45B485040F063BEF9BDFF77B1421C877BD96BF70124DC77718D1E7AB,119852658,32000000000000,178471,/cosmos.authz.v1beta1.MsgExec
6818A2376FD70A1EE1C6C3255B95A891CBC81A14F052722B23257314EA9AF8B0,119852658,25600000000000,127517,/cosmos.authz.v1beta1.MsgExec
E396EED5CCC6648CA13A173A9049EED23F79E8A2B5C2554418AA630E681154D5,119852658,72000000000000,137553,/cosmos.authz.v1beta1.MsgExec
EB6F5BA059FA3DDDD95B62227A29BDF78E6F9F4DD989F12A775ACCE349378354,119852658,67648000000000,278873,/cosmos.authz.v1beta1.MsgExec
4869BDF02266957893B8DE2DD7252DCC8DEC9121AC78183458EB0428DCC4A1D9,119852658,29904000000000,109281,/cosmos.authz.v1beta1.MsgExec
731E6333135CA87F0D5A5BD83F333068A3D0B3B27EBAAD293D502FE7B5FC341B,119852658,32000000000000,179675,/cosmos.authz.v1beta1.MsgExec
AD0DB6F5E97274AAE4B25776860118419A09659E91B87D729549E87B1F8146EA,119852658,32000000000000,180395,/cosmos.authz.v1beta1.MsgExec
6CBC1C8BE195EAAF5FAC112F8822766173564A3E421D7753BC9F50C23AAAD2AC,119852658,51360000000000,114103,/cosmos.authz.v1beta1.MsgExec
01B609A4EBDAB6C0B1B160E403CD6BBD02A3E8CA345A06EFFA205482106461F3,119852658,54720000000000,287761,/cosmos.authz.v1beta1.MsgExec
78A545DA88C531FDB9A4D0AF1A696E492AF61937C69ED782720749FB599BB0DA,119852658,25600000000000,134753,/cosmos.authz.v1beta1.MsgExec
D797E2E5DE35EC161FD6F0553448FAE5F4EFDAF53DA371FC0BA2CFD86DFFE53F,119852658,25600000000000,133459,/cosmos.authz.v1beta1.MsgExec
1DD29D1E6A88BC95C1173A96C968A37A095D36875E431AA1FFF2B5EC3597EB0C,119852658,25600000000000,104254,/cosmos.authz.v1beta1.MsgExec
583C9F34416158544AEA4619BB910C9D282AE158958CDDF6D8B71CD01E6B3CAA,119852659,50528000000000,232752,/injective.exchange.v1beta1.MsgBatchUpdateOrders
2F0116926F54A951E0686EBC2FDDBC8CB0785D51E103042D89F36D2D57AAB61B,119852659,64672000000000,299656,/injective.exchange.v1beta1.MsgBatchUpdateOrders
6883C40F614CC681BDFCBE4723E02FE3C7B111474B321D789A1E004B46AD3F8E,119852659,36384000000000,155830,/injective.exchange.v1beta1.MsgBatchUpdateOrders
1D8529A772EEE3C194D14C10272E473C79DE2EC4EA82246384B9CC0C84AD2769,119852659,163763200000000,792892,/injective.exchange.v1beta1.MsgBatchUpdateOrders
DA2FF2C1CCBD851B17D5FF0A64A18EF57DBC6E309CA103DCBD1499842D4E0CCB,119852659,32000000000000,161572,/cosmos.authz.v1beta1.MsgExec
B8A8F0E7FEC5F9A14191D7B6F741116C4DA1291D91D339F19939638018F46665,119852659,25600000000000,132769,/cosmos.authz.v1beta1.MsgExec
310E407E34DAC7F0AABDBFB8568FADCC1E86624D58DA9446103F7556CB547598,119852659,25600000000000,103705,/cosmos.authz.v1beta1.MsgExec
7C610AF749B0131A8D2D30101AE5C989D38C94DA1182A2CEB827FAD27B7F0269,119852659,40784000000000,206221,/cosmos.authz.v1beta1.MsgExec
B4E8B1392358D9DCAAB8A7E5C49175BF4EC0AAE87769DB05470F9EDFC936E83C,119852659,32000000000000,154256,/cosmos.authz.v1beta1.MsgExec
A09C9B17224B1D59121D348747B0CE2FD8BE9EFC76B30DD28D0137FDEC47C0B0,119852659,32000000000000,178551,/cosmos.authz.v1beta1.MsgExec
8BA23D4AFBC23E4C63C26D8966D1430A92F88D9D7C08EBEF1F1E20A5DE153E35,119852659,32000000000000,155254,/cosmos.authz.v1beta1.MsgExec
37D8D12F3ADB48B71154F9F168B2DCCABC377169078668CC158F3699EEE5AE2B,119852659,25600000000000,104254,/cosmos.authz.v1beta1.MsgExec
7F1C0A3F0F94DC3698F0B8F9DB8E459577F3F68C7AA0B0313DCB427E7595361E,119852659,29904000000000,109281,/cosmos.authz.v1beta1.MsgExec
E9C4304862E5ADDD741B69D5EAE1529996FFD30AF25D928A51368563F5F5BEA7,119852659,32000000000000,178662,/cosmos.authz.v1beta1.MsgExec
10BD4C33B2CBA8F7CD0BBDD625A3B64326F2BCABFE608BC9179B892E87E26D59,